Date,weight_HYG,weight_LQD,weight_SHY,strategy_return,blend_return,HYG_return,SHY_return,turnover,blend_turnover
2008-05-30,0.0,0.0,1.0,-0.003460404337107592,-0.015540913871169404,-0.007074419866912596,-0.003460404337107592,0.0,2.0
2008-06-30,0.0,0.0,1.0,0.0024544870859748436,-0.024840123565867733,-0.03674676964457113,0.0024544870859748436,0.0,0.00860014816618676
2008-07-31,0.0,0.0,1.0,0.004341622897291897,0.00488932632936856,0.005901652531624224,0.004341622897291897,0.0,0.012218437701492946
2008-08-29,0.0,0.0,1.0,0.004664383654353843,-0.003765686434160531,-0.008976427317900826,0.004664383654353843,0.0,0.0009951699449662343
2008-09-30,0.0,0.0,1.0,0.0077790744330765715,-0.10693650086258433,-0.10655927739242566,0.0077790744330765715,0.0,0.0052314270344294145
2008-10-31,0.0,0.0,1.0,0.011046766638604266,-0.0669555036760704,-0.11449971008359705,0.011046766638604266,0.0,0.00041715902684247297
2008-11-28,0.0,0.0,1.0,0.011052526366440718,-0.018760556610743384,-0.07095838874139904,0.011052526366440718,0.0,0.05095638631306998
2008-12-31,0.0,0.0,1.0,0.005630755816020239,0.1528419897952078,0.16766234870030927,0.005630755816020239,0.0,0.05324406095360579
2009-01-30,0.0,0.0,1.0,-0.004369785970221751,-0.014079254084696236,-0.010130341926500419,-0.004369785970221751,0.0,0.012801570337020451
2009-02-27,0.0,0.0,1.0,-0.0014509553577408685,-0.07460267351603622,-0.09715805207482198,-0.0014509553577408685,0.0,0.003992451004252995
2009-03-31,0.0,0.0,1.0,0.004995166562434816,0.011872471447767818,0.019074237267720173,0.004995166562434816,0.0,0.02437761863516502
2009-04-30,0.0,0.6,0.4,0.014779436257703393,0.08310479833893059,0.13845949494830134,-0.0016516126711515478,1.2,0.007092715158627416
2009-05-29,0.39327928908691967,0.6,0.006720710913080352,0.024329208497430033,0.025809837050079665,0.028555128144100328,0.0005600215048258139,0.7865585781738392,0.05109996920458121
2009-06-30,0.39158163651160094,0.6,0.008418363488399083,0.030458849100371,0.031212778459299706,0.03351718623892386,-0.0009424417557135634,0.006019063804481363,0.002624981611007604
2009-07-31,0.39227087935883836,0.6,0.007729120641161602,0.05494372347185528,0.05775591782073142,0.06919014482200536,0.0011000783144778925,0.0018064857336854197,0.0022320270501830497
2009-08-31,0.391085320457063,0.6,0.00891467954293701,0.0012474529540766888,-0.0019449958488914065,-0.016968680981253925,0.004091920822179018,0.012964476376783805,0.010807635624957512
2009-09-30,0.39059100840082595,0.6,0.009408991599174077,0.03321147679086578,0.03777380652986517,0.057989027001646765,0.0023631208765699796,0.014189909329008672,0.015063608031757492
2009-10-30,0.3481697002275878,0.6,0.05183029977241227,-0.0049061816657146595,-0.0052197833577067865,-0.005428472180648458,0.0013570561624964839,0.10356487154293997,0.019464052005051025
2009-11-30,0.3714603765895186,0.6,0.02853962341048144,0.018094502040719496,0.018184754118107715,0.016844554465913708,0.005965211394822978,0.04722300159265817,0.00022924381794764415
2009-12-31,0.39049310180305025,0.6,0.00950689819694972,0.001865613689466361,0.00808566756015483,0.03684737561920848,-0.008405861708592588,0.03901259815874608,0.0013164926621622164
2010-01-29,0.32409941701542877,0.6,0.07590058298457125,0.0019926337814750728,-0.0029512710588911473,-0.01832773427172696,0.007954625646622526,0.16002523670455895,0.028529661697006214
2010-02-26,0.3126917502786337,0.6,0.0873082497213663,0.009015713494672228,0.011884308529354293,0.018733061162704567,0.0016044343962589025,0.021936532536817682,0.015450067327034578
2010-03-31,0.2875967547529723,0.6,0.11240324524702772,0.009688005585478887,0.013920153437336324,0.021335204534639773,-0.0026908566420713598,0.05619890952510988,0.006752761240954697
2010-04-30,0.28686636409832134,0.6,0.11313363590167869,0.017299043667233116,0.019154136293119572,0.019244436441223423,0.0030002348376163557,0.008063195410317414,0.0073064473956903075
2010-05-28,0.386571185135482,0.6,0.01342881486451808,-0.026056498530384276,-0.029919300256349035,-0.046755273657942964,0.004529996131578562,0.1983171212817399,8.129593875455532e-05
2010-06-30,0.3550807340453956,0.6,0.04491926595460449,0.023740843288546642,0.021930333666289492,0.011111555126238848,0.0041900854078300576,0.06214293746142691,0.0173553096159606
2010-07-30,0.0,0.6,0.4,0.0127190545375091,0.036309221581676265,0.05153253041165784,0.0019394271901216342,0.7118826240064442,0.010603782212110169
2010-08-31,0.33802611595677046,0.6,0.061973884043229566,0.013249628168421568,0.009314059605973979,-0.009895744961431308,0.0023884843956700763,0.6760522319135409,0.014679169393882918
2010-09-30,0.35627393522942147,0.6,0.04372606477057861,0.01577041803101631,0.020553238983606947,0.036579889073178995,0.001186733002116691,0.05238511387182825,0.01904693419507869
2010-10-29,0.3747601161579356,0.6,0.025239883842064437,0.005328179179576953,0.007856510746619305,0.018371834196882375,0.002193762326542892,0.03571227304559278,0.015684538355469235
2010-11-30,0.3760991538027288,0.6,0.023900846197271175,-0.014544239911441936,-0.014460264183053795,-0.012747249340590905,-0.002048606990855628,0.0095383710209423,0.01041750551414472
2010-12-31,0.3849346209444744,0.6,0.01506537905552563,0.006195128143829054,0.01020219490126717,0.02792890041278584,-0.0016375580375752596,0.018276600624998692,0.0017277133225658825
2011-01-31,0.3690112776037347,0.6,0.030988722396265267,0.006302802855825629,0.008418024032438742,0.016502394534969822,0.0013094307696648322,0.04846145527221968,0.017545922622743015
2011-02-28,0.38266098735741555,0.6,0.017339012642584528,0.01192503556477309,0.01256946849678342,0.0143540449380688,-0.0012135047002744814,0.026988892803095098,0.007999197592596041
2011-03-31,0.6,0.0,0.4,-0.0014636250718964572,-0.002492193314301394,0.0004245483976286213,-0.0013000932685620636,1.1986348107754672,0.001754410416391794
2011-04-29,0.6,0.0,0.4,0.011721461498048313,0.02050698247567695,0.015976244855435917,0.005341380847742938,0.000828047687670086,0.0029222694169850905
2011-05-31,0.39757673124777876,0.6,0.002423268752221208,0.0069455528764117425,0.007008992602919539,0.001332076977143215,0.0036409596257267474,1.2000000000000002,0.004442602210865232
2011-06-30,0.45849264715750093,0.5415073528424991,0.0,-0.007058795850510946,-0.006844023627692097,-0.0057055622852445476,-4.788997238835968e-05,0.12721348327437995,0.005641820666556441
2011-07-29,0.4251640139841961,0.5748359860158039,0.0,0.015409111355505045,0.013923778602470405,0.003548806507046365,0.0028605056028807585,0.06779017124709075,0.0011406584046125268
2011-08-31,0.491383312372429,0.5086166876275711,0.0,-0.011815040902509621,-0.011948791731222874,-0.027281252868680883,0.0034469557134062523,0.1424276720852064,0.010233626058268719
2011-09-30,0.0,0.6,0.4,0.0007315261700386877,-0.024766878965628458,-0.05301468790231978,-0.0010157799709044069,0.9672474334136,0.015527955888296918
2011-10-31,0.0,0.6,0.4,0.015192608649984063,0.05497554186106646,0.08491638642048915,0.00034325818302383126,0.0021692699732741016,0.028980264383215493
2011-11-30,0.0,0.6,0.4,-0.018771407206121804,-0.027945351012903186,-0.02426913288453203,0.0004498674039128403,0.01170341104142042,0.02835080265742257
2011-12-30,0.0,0.6,0.4,0.02112157676621118,0.040197767265669926,0.04552140190001763,0.0005210116760694383,0.015661643841269834,0.003753446762394308
2012-01-31,0.3414034504700377,0.6,0.058596549529962294,0.017222918706881085,0.018042431157424765,0.014647282193417155,0.0008282338022040925,0.6828069009400753,0.005114133574243784
2012-02-29,0.34435965197011575,0.6,0.05564034802988427,0.016950965931162854,0.01867352849179671,0.021024619783515552,-0.001408443353551947,0.00810633369287174,0.003340074933687931
2012-03-30,0.3442966973154182,0.6,0.0557033026845819,-0.011854651085071666,-0.011874183286298745,-0.009532029201725467,-0.000769976090634672,0.0028791430156173345,0.00230464513636236
2012-04-30,0.3523806832808716,0.6,0.047619316719128446,0.010576663622386073,0.011091555768897532,0.011366414488685583,0.002017443271844277,0.017417368596620762,0.0023679893469067403
2012-05-31,0.3457148731390623,0.6,0.05428512686093767,-0.0065750611746884235,-0.012318404177452336,-0.03220765250220514,0.0005678273387303978,0.014139901962601377,0.0002694749188022483
2012-06-29,0.33520083839860537,0.6,0.06479916160139465,0.020755939567867143,0.027621466312766962,0.04656785255816387,-0.0009699982149220521,0.020248977731246946,0.020137571869963733
2012-07-31,0.3160111258645391,0.6,0.08398887413546086,0.02425672392832623,0.022507309247794094,0.010222828718548849,0.002204906828695119,0.05531799184495463,0.018416616945494235
2012-08-31,0.32799211466181627,0.6,0.07200788533818381,0.003731421279738134,0.005941548217804238,0.012445611307835502,7.113397063940319e-05,0.03265613937777116,0.012032271363577929
2012-09-28,0.3386919802032393,0.6,0.061308019796760704,0.008352870378106392,0.008096906827940176,0.005205856970597056,0.00016558991691062452,0.020869865802090506,0.006453537068030146
2012-10-31,0.374350283746713,0.6,0.025649716253287047,0.011145104399300276,0.010948629836940116,0.00844169994828703,-0.000686257700864612,0.07344477766647876,0.0028742643400418433
2012-11-30,0.4426096074121466,0.5573903925878535,0.0,-0.0019722123728312946,-0.0011360910510023192,0.00496741053103289,0.0002366155276447568,0.13857521940716383,0.0024826468354530173
2012-12-31,0.41075594355610884,0.5892440564438912,0.0,0.003738702560041496,0.005348106654232687,0.014013311879883972,0.0002493618670078579,0.06973903225612166,0.006107945785420565
2013-01-31,0.4200331894559903,0.5799668105440098,0.0,-0.006096431665664981,-0.0047830235639220176,0.003427944498424873,0.00011813702331631148,0.010203095780622007,0.0086129487189604
2013-02-28,0.6,0.0,0.4,0.004679563370131978,0.010035712694823395,0.009327194863049781,0.0006046587375849732,1.1518920889005795,0.008241746054504229
2013-03-28,0.43168676626495617,0.5683132337350439,0.0,0.002359706443323395,0.004127458491936409,0.008723618049542248,0.0003306126361937167,1.1366264674700879,0.0007097139647537776
2013-04-30,0.6,0.0,0.4,0.011836210417911275,0.021453147922528615,0.021180457474140102,0.0006869174750854246,1.1321325329765743,0.004576554115220843
2013-05-31,0.42850431459633487,0.5714956854036652,0.0,-0.030558093691673616,-0.028994049589935456,-0.025811943028047124,-0.001336935732897837,1.1429913708073303,0.0002715385787177005
2013-06-28,0.6,0.0,0.4,-0.011653549037170419,-0.024784648498619166,-0.016886940787199767,-0.0009840040188938692,1.1397800151145865,0.0032768512189901844
2013-07-31,0.0,0.0,1.0,0.00043085256588071275,0.01979222524112001,0.028540611054769682,0.001625075507814877,1.1922853881514985,0.008095120922818722
2013-08-30,0.6,0.0,0.4,-0.009211219535062432,-0.011360633996087888,-0.01272109009547806,-0.0009704762280846602,1.2,0.008570431737663697
2013-09-30,0.6,0.0,0.4,0.005574125025435972,0.007614508275050724,0.007813331956350922,0.002229608696085572,0.0056859003794105245,0.00138464798486293
2013-10-31,0.0,0.0,1.0,-0.0005161855656262704,0.021631763587579345,0.025182328508225327,0.000687306349006489,1.2026653151259061,0.00019593625635555556
2013-11-29,0.6,0.0,0.4,0.0020093465661592536,0.0016663075585698905,0.00473242088878667,0.0009343746894452387,1.2,0.0034751895710358194
2013-12-31,0.6,0.0,0.4,0.0017282691460336341,0.0031046701330537108,0.004066249905611663,-0.0017741510757617318,0.0018172230701371528,0.0030575269143780504
2014-01-31,0.5167898338771192,0.4832101661228808,0.0,0.010179594693509042,0.011405045865017227,0.003984404459446589,0.00201476795752642,0.9664203322457617,0.0009555431666447567
2014-02-28,0.5238783858190632,0.4761216141809369,0.0,0.017522840589516475,0.017259412190304246,0.023084893489090375,0.00039061552682628786,0.021508547738310457,0.007337911538359221
2014-03-31,0.5125988562424918,0.4874011437575082,0.0,-0.0005874650771302559,-0.0005583228848847765,-0.0008149472731409091,-0.0010884029442917997,0.02826371992025356,0.005719262876924092
2014-04-30,0.5114036793831855,0.4885963206168144,0.0,0.008642892601692154,0.008748420237967292,0.004204275066417518,0.0010784141645423517,0.0021280331002520025,0.00026248554192043194
2014-05-30,0.5122765759624782,0.4877234240375217,0.0,0.01355951816050105,0.013599087721488434,0.012064048770604963,0.0017869265933758705,0.006248909603413011,0.004504997152393053
2014-06-30,0.511442951902706,0.488557048097294,0.0,0.003162512075259638,0.003091894063081524,0.006119035956548169,-0.0007916974639681218,0.00014916513810236953,0.0015189420700863487
2014-07-31,0.4332865678710573,0.5667134321289427,0.0,-0.012505004410094944,-0.01375980414057354,-0.024318307326942512,-0.0007692331087211235,0.15932726776148193,0.003016287615165425
2014-08-29,0.40968743133915225,0.5903125686608478,0.0,0.021543671634478345,0.021909974861730408,0.023801939638215197,0.001859349572599811,0.03669512911810108,0.010708797073284426
2014-09-30,0.3939847937955591,0.6,0.006015206204440959,-0.017938165187284194,-0.018323279057623765,-0.019826693936999318,-0.0007326153230584609,0.033186486566535056,0.0018406720117636333
2014-10-31,0.0,0.6,0.4,0.007652839266900635,0.011472847784330442,0.010605616666802264,0.002603361150937955,0.7877592231327515,0.0015333144046665304
2014-11-28,0.4328181177016577,0.5671818822983423,0.0,-0.00037438224460495384,-0.0008480471147245261,-0.010811694797037585,0.0010516684342347649,0.8656362354033154,0.0008589263622653664
2014-12-31,0.0,0.6,0.4,-0.002128989079336119,-0.004111676264044961,-0.008030947302156255,-0.0029267463011219963,0.8558564334664662,0.009972954857818017
2015-01-30,0.0,0.6,0.4,0.025019989406608767,0.022270897994744798,0.007031902523216393,0.006276425574510025,0.0013237051783500653,0.0039453860508720795
2015-02-27,0.0,0.6,0.4,-0.009700116955041027,0.004038429113567776,0.02231094245086429,-0.002907859596171458,0.014629877301234495,0.014910889697681451
2015-03-31,0.0,0.6,0.4,0.0021619014557778815,-0.003781227037382373,-0.009477515337138365,0.0024915333062165423,0.00547524655045506,0.018183835640350587
2015-04-30,0.4908872044334554,0.5091127955665447,0.0,-0.0027467935515678166,-0.0015848866032291964,0.008713731378398037,0.00031848430555880824,0.9817744088669107,0.0057359888740318166
2015-05-29,0.49965736176864356,0.5003426382313564,0.0,-0.0038367924733847536,-0.0038348010496011,0.003553853463829304,0.0004125446219735984,0.007232631494207609,0.01030917087770139
2015-06-30,0.6,0.0,0.4,-0.012176913487856655,-0.018857985388062826,-0.018870240899517943,0.0003184751824105714,0.9932785303748018,0.007406711972114788
2015-07-31,0.6,0.0,0.4,-0.0027829406813663082,0.0016988680602938455,-0.004921421420082228,0.0004480029895175264,0.009314861304521693,1.9897687284053944e-05
2015-08-31,0.0,0.0,1.0,-0.0016916507586732799,-0.011760415948345426,-0.01523327155612908,-0.0004948277653108457,1.1974155078023276,0.006609081322970889
2015-09-30,0.0,0.0,1.0,0.0029498736055824093,-0.009003767896319848,-0.029898374902734504,0.0029498736055824093,0.0,0.0035207697276313787
2015-10-30,0.0,0.0,1.0,-0.0014127686923594007,0.019000433709144282,0.03230757004038276,-0.0014127686923594007,0.0,0.021087893004887448
2015-11-30,0.0,0.0,1.0,-0.0025830468705453358,-0.01326412045542591,-0.02496054842619555,-0.0025830468705453358,0.0,0.013037646207170628
2015-12-31,0.0,0.0,1.0,-0.0014907009348512634,-0.015377583607729228,-0.019922166174403455,-0.0014907009348512634,0.0,0.011866539398143305
2016-01-29,0.0,0.6,0.4,0.0021403458909519113,-0.0073955191041478185,-0.016009323071934367,0.006519690999519101,1.2,0.004627370475269954
2016-02-29,0.0,0.0,1.0,-7.977081935428565e-05,0.0127341189066974,0.014968436667757379,0.0011190373940821452,1.1974682017405072,0.008682569364803328
2016-03-31,0.0,0.6,0.4,0.021011787921702885,0.03080576370693855,0.02547058079646347,0.0013779696312972156,1.2,0.002197521724268625
2016-04-29,0.42187557857338753,0.5781244214266125,0.0,0.021298317387138832,0.0233804079027502,0.03122538226876026,0.00036530958043812234,0.8437511571467751,0.0051779264263713265
2016-05-31,0.39698896970467124,0.6,0.003011030295328787,-0.0024602341714301534,-0.0017194316837144674,0.001701365128593979,-0.0011886540094457887,0.05725568048699031,0.007660528476324591
2016-06-30,0.3902350757710939,0.6,0.00976492422890618,0.02560528846345167,0.02443402056908539,0.0179313216886392,0.0060243541219169305,0.016774505704044824,0.0034190019908257874
2016-07-29,0.3914910690252317,0.6,0.008508930974768347,0.01287732519861673,0.01301666539417723,0.013131033777660894,-0.0004681397641317364,0.008364753490933437,0.006350998755437098
2016-08-31,0.39093804875680266,0.6,0.009061951243197308,0.008751924131123134,0.010739863580668363,0.019676091954571095,-0.002336932484908738,0.0013304048881126358,0.00010654710157914637
2016-09-30,0.3808030180981345,0.6,0.019196981901865584,0.002209288269261034,0.0038054583582212143,0.010784741099607142,0.0012956013801432853,0.02873625089576288,0.00884116680499103
2016-10-31,0.421120664215228,0.578879335784772,0.0,-0.013061905227428339,-0.012565235930348528,-0.009830488843833973,-0.0004821242318426844,0.07414064587526402,0.006943921421075194
2016-11-30,0.45627085946052104,0.5437291405394791,0.0,-0.017204201739209446,-0.015747152480194204,0.0001868374768694281,-0.0047000455792852724,0.06760538663593885,0.002762583946298247
2016-12-30,0.6,0.0,0.4,0.010238585052597449,0.013373714621126354,0.01838795933445847,0.0007232820993685607,1.0713732056382663,0.01618611203117959
2017-01-31,0.6,0.0,0.4,0.005894539931448506,0.0052841785203643354,0.00912782776937382,0.0010656922009777414,0.008384119332268125,0.004931804426760278
2017-02-28,0.6,0.0,0.4,0.009333842970482564,0.014260205263179948,0.015318143116375138,0.0003671003490506308,0.0038471156509296,0.0038184948196155477
2017-03-31,0.6,0.0,0.4,-0.0006115120975725974,-0.0021934848231299764,-0.0014333805204973515,0.000639055064042493,0.007110108285250605,0.0010392410750770242
2017-04-28,0.6,0.0,0.4,0.005641346618732612,0.010022193802712964,0.008156930233863324,0.0018704736633272656,0.0009953706888810587,0.0007607352123280564
2017-05-31,0.6,0.0,0.4,0.0064787712692500055,0.011821053035743212,0.010314259223058952,0.000733089383442298,0.0030005689011026737,0.0018475143623335466
2017-06-30,0.6,0.359387081040073,0.040612918959927025,0.0017690079035226347,0.003062470062208833,0.0013255744848390538,-0.0007800029023363741,0.718774162080146,0.0014910347815577651
2017-07-31,0.6,0.394969080340379,0.0050309196596209915,0.00907604341890389,0.008921293566741761,0.010191546472955615,0.001859985786932361,0.0708990842030478,0.0017330810797072105
2017-08-31,0.6,0.39773503089979095,0.0022649691002090133,0.0030841530090746083,0.0037120824290193255,0.0006547757389583353,0.0020229278413936846,0.006700629849888036,0.0012572855488790502
2017-09-29,0.6,0.3763829133869789,0.0236170866130212,0.0033285323636977893,0.0027534969306874935,0.00600753663850262,-0.0018680011979201883,0.045623368415714696,0.0030472531439973416
2017-10-31,0.6,0.3733606100343033,0.026639389965696703,0.0011979852756831555,0.0013844682400443453,0.000848681621806957,-0.000912052448318379,0.006291390201499519,0.003242047181223562
2017-11-30,0.6,0.34641479016407606,0.053585209835923964,-0.0028042390739120293,-0.002456289008264445,-0.0036781944255367405,-0.0021611359315247824,0.05443046981753412,0.0005382861767688207
2017-12-29,0.4546025815099637,0.5453974184900362,1.1102230246251565e-16,0.007373729539310148,0.007329999196399317,0.002457685929192044,-0.0002017882807661131,0.39691158005613053,0.001225451787283116
2018-01-31,0.5106391101207147,0.4893608898792852,0.0,-0.0058805683729592495,-0.005904457874227886,0.0004578116422135903,-0.0028618488756262384,0.1168691453695459,0.004838078618385255
2018-02-28,0.5799358843762616,0.42006411562373835,0.0,-0.014557569159673989,-0.015528636558135411,-0.008672686729809698,-0.0010060391247070921,0.13220212439880186,0.0063951893490032385
2018-03-29,0.6,0.0,0.4,-0.001235016604643202,0.001618040670264831,-0.0023175930286666313,0.0024714003723123046,0.8333559418469874,0.00695765296666756
2018-04-30,0.0,0.0,1.0,-0.003543544598685555,-0.0054360837849855015,0.004794633586037822,-0.0023486572275678297,1.1977003587216977,0.003936206285034327
2018-05-31,0.0,0.0,1.0,0.003522991393163144,0.0028481924914858237,0.0005039701594657942,0.003522991393163144,0.0,0.010282659691688012
2018-06-29,0.0,0.0,1.0,0.00043313247235277075,-0.0019445797314940894,0.0009879375268364576,0.00043313247235277075,0.0,0.0023478231216790824
2018-07-31,0.0,0.0,1.0,-0.0006021558375761682,0.015104857062588462,0.01677738118532024,-0.0006021558375761682,0.0,0.0029358761609831197
2018-08-31,0.6,0.0,0.4,0.004427548279095417,0.003637380443341831,0.007078680306397134,0.0034677531664939476,1.2,0.001644696090893072
2018-09-28,0.6,0.0,0.4,0.0025730699895474274,0.0019150396917531065,0.0052446176937308575,-0.001429931637091042,0.0017235341026706763,0.003427177575995921
2018-10-31,0.6,0.0,0.4,-0.011250968961443397,-0.020133190251309774,-0.019767541971588365,0.001531789585689891,0.003195555768316649,0.0033197753486052806
2018-11-30,0.6,0.0,0.4,-0.0008810437153611295,-0.0037885345326674758,-0.003991242928065852,0.0038100825490263723,0.010339981285663546,0.0003698401911013671
2018-12-31,0.0,0.0,1.0,0.0063931643568386765,-0.0011466871323908556,-0.02088783675647765,0.0075985061862511305,1.1962521004270998,0.00020384904862763564
2019-01-31,0.0,0.0,1.0,0.00251144081395549,0.041543244815672065,0.04944576199626782,0.00251144081395549,0.0,0.019764012353820193
2019-02-28,0.0,0.6,0.4,-0.002078266804987905,0.005045794118374802,0.01214540455373636,0.0008596025691971487,1.2,0.007567401508120797
2019-03-29,0.446800634776419,0.553199365223581,0.0,0.02105754303768137,0.021092070805024843,0.012908375795081195,0.006268871008795918,0.8936012695528379,0.007056346254273649
2019-04-30,0.4772179268002081,0.5227820731997919,0.0,0.006918586551000194,0.007105020649806448,0.009862490790952139,0.001834259298528318,0.06875865954736043,0.00802164924824994
2019-05-31,0.4573498841341319,0.5426501158658681,0.0,7.073059251383462e-05,-0.001418216819315865,-0.019336741427265935,0.007218419334417803,0.04246072943917917,0.002729972864877417
2019-06-28,0.44389408695881194,0.5561059130411881,0.0,0.03204855748452595,0.03198772468330224,0.03154526978649819,0.004609208510047091,0.009122754603479277,0.01794665403864354
2019-07-31,0.44283286545264905,0.5571671345473509,0.0,0.002107434642484085,0.0020530380540049187,0.0015668953344492031,-0.0006375835094052373,0.0016814100549127908,0.0004466794244354366
2019-08-30,0.44663068345490925,0.5533693165450907,0.0,0.02457617102009757,0.022878028972367126,0.00689632067525725,0.007817890618734058,0.008074854724357039,0.00048559315764862276
2019-09-30,0.47099749490488874,0.5290025050951113,0.0,-0.0019954061787289534,-0.0016004139808847295,0.004389867341128895,-0.0013425899630644667,0.06415462373066044,0.015624734119208727
2019-10-31,0.477515526961814,0.5224844730381859,1.1102230246251565e-16,0.0022640885232798613,0.002162500192459005,-0.00011479407892778237,0.0031293524388087413,0.007069962281567754,0.005984165138936737
2019-11-29,0.457536432805809,0.542463567194191,0.0,0.0051377136027561665,0.00521279644798045,0.0056801130803523225,-0.000471556111898197,0.03768467772405765,0.0022783508155020393
2019-12-31,0.4514077684644363,0.5485922315355637,0.0,0.011507812641309512,0.012192683135620497,0.019112730915633813,0.0015501598628815394,0.01271662389939543,0.0004626138285439563
2020-01-31,0.48281572330201655,0.5171842766979835,0.0,0.010343140233334047,0.00989239515741236,-0.004662376622004527,0.005790048939158465,0.05603975026733676,0.006836224406340352
2020-02-28,0.5449754069301985,0.4550245930698015,0.0,-0.002200189481322945,-0.0010053657834921959,-0.01289524700429856,0.008766027373428464,0.13871414049267344,0.014418938295401917
2020-03-31,0.0,0.6,0.4,-0.03393754152727957,-0.08171051135471463,-0.10028070013637713,0.01244043704408404,1.0781184518330524,0.011916094256769705
2020-04-30,0.0,0.0,1.0,0.0015613264709346542,0.04862593189702635,0.04883677373940909,0.002726994717276998,1.16249812011004,0.020234261800225972
2020-05-29,0.0,0.0,1.0,-0.0007842471873275025,0.027033649496157608,0.029464855798866152,-0.0007842471873275025,0.0,0.00018082654524315123
2020-06-30,0.0,0.6,0.4,0.011641902282413907,0.007718115847709983,-0.005834161295915963,0.00023058229626915505,1.2,0.0023670306706383704
2020-07-31,0.0,0.6,0.4,0.018964830800284327,0.04078876029345846,0.0506047184341345,0.0009362808629098662,0.009973170669539677,0.013450815413053763
2020-08-31,0.0,0.6,0.4,-0.01077599384665806,-0.00901260580629748,-0.00022378992717464463,-0.00023082622148962173,0.014162241443850865,0.009417690721191863
2020-09-30,0.0,0.6,0.4,-0.002651225471295038,-0.006865403259191605,-0.009316315564463773,-1.1487563584156035e-05,0.008516581552598435,0.008859245180539599
2020-10-30,0.42176600235716344,0.5782339976428366,0.0,-0.002092425246471241,-0.0005375633394122392,0.004033639575703685,-0.00046299515814141046,0.8435320047143269,0.002476692507743683
2020-11-30,0.42371047926114747,0.5762895207388526,0.0,0.035934088126074126,0.03560933022601387,0.03351273997392834,0.00021980394555254357,0.0005734989171714555,0.004571173527829875
2020-12-31,0.4284713412332622,0.5715286587667378,0.0,0.00923840056303371,0.01054071374320209,0.019579381957675057,0.000405244998815002,0.011502934406901366,0.0020290611110125867
2021-01-29,0.42892654942896064,0.5710734505710393,0.0,-0.01208899357718507,-0.011056923054192924,-0.0037799021225420892,0.00023176777279365623,0.007860135714356897,0.0089423407713346
2021-02-26,0.6,0.0,0.4,-0.0028328590447518343,-0.012547054292458726,-0.002447166249721189,-0.0005788750589538205,1.13493849628348,0.007349373853244134
2021-03-31,0.6,0.0,0.4,0.0070698430551736635,-0.0013224878407842589,0.012155605162746497,-0.0005565384600391132,0.0008983067581075921,0.010220797555869687
2021-04-30,0.6,0.0,0.4,0.00404726843583969,0.008390502704416214,0.006376553382922756,0.0005685498816556667,0.00605898736785887,0.013485582484857428
2021-05-28,0.6,0.0,0.4,0.0004720487169238563,0.003305873391390657,0.0003897172248639169,0.000602490718996096,0.0027765871953953636,0.0020106505268320807
2021-06-30,0.6,0.0,0.4,0.007262526718924578,0.017677973709147254,0.013247465347319576,-0.001714624163180023,0.00010208280554974136,0.002908552294999145
2021-07-30,0.6,0.0,0.4,0.001285626268775264,0.007614644236889623,0.0010480416664386816,0.001659851266563539,0.007130020269189741,0.004356442371362013
2021-08-31,0.6,0.39202966116791294,0.007970338832087087,0.001515363536428227,0.0013174520779306587,0.006087538092911737,-0.00032450957785146173,0.7843526117893969,0.006521306152246276
2021-09-30,0.5998107659787569,0.4001892340212431,0.0,-0.008272851528066782,-0.00939208718945439,-0.003700806163239423,-0.0010090241921704157,0.02081016889678894,0.0047572575512829784
2021-10-29,0.6,0.379160121062068,0.020839878937932044,3.646236631071886e-05,0.001094756462262314,-0.00310847664453473,-0.0033547648420315657,0.04167975787586414,0.005740456239863689
2021-11-30,0.6,0.38801305037490513,0.011986949625094834,-0.007498361921706942,-0.006442088664717627,-0.0116898760065548,-0.0005707957764614635,0.01756278693914914,0.004204352976372339
2021-12-31,0.6,0.38835445911120575,0.011645540888794326,0.013542342368103588,0.011244648307607186,0.022841263617702223,-0.002122870236825336,0.005088803568890238,0.00528599539748037
2022-01-31,0.5958964995282172,0.40410350047178273,0.0,-0.03037603256778232,-0.03124487582719848,-0.026548501372281152,-0.006897582499489019,0.042141428324666164,0.011462318831829577
2022-02-28,0.0,0.0,1.0,-0.006312293458323959,-0.014957256897281002,-0.008590368973511064,-0.004320935328981923,1.9999999999999998,0.0048363268761786316
2022-03-31,0.0,0.0,1.0,-0.014018638382516047,-0.020910851290823262,-0.012871447552540993,-0.014018638382516047,0.0,0.006458697541069647
2022-04-29,0.0,0.0,1.0,-0.004968195244330897,-0.05440572345990635,-0.04180296214910828,-0.004968195244330897,0.0,0.008204593201873833
2022-05-31,0.0,0.0,1.0,0.005961277886393335,0.017455581761766537,0.016299080684999856,0.005961277886393335,0.0,0.013319559991394725
2022-06-30,0.0,0.0,1.0,-0.005942992404477043,-0.05336442657296925,-0.0704985742069888,-0.005942992404477043,0.0,0.0011499644351207206
2022-07-29,0.0,0.0,1.0,0.004098794851032039,0.05569733389434206,0.06698850029220482,0.004098794851032039,0.0,0.01810117537160405
2022-08-31,0.0,0.0,1.0,-0.008100395746467814,-0.04370026702911989,-0.043088745316889665,-0.008100395746467814,0.0,0.01067716313189776
2022-09-30,0.0,0.0,1.0,-0.011923380334451172,-0.04860136901538481,-0.03740309299397515,-0.011923380334451172,0.0,0.0006287825813703907
2022-10-31,0.0,0.0,1.0,-0.0012577954918662204,0.013090606039957375,0.03365762332610811,-0.0012577954918662204,0.0,0.011769693998458897
2022-11-30,0.0,0.0,1.0,0.006937908309803342,0.050373407032174855,0.034312891084280706,0.006937908309803342,0.0,0.020289252836497518
2022-12-30,0.0,0.0,1.0,0.001176897393353471,-0.016555477932175267,-0.01756973097582537,0.001176897393353471,0.0,0.015310270876993659
2023-01-31,0.6,0.0,0.4,0.023876425986994354,0.04413312250329393,0.036670017830329416,0.0077613578835462604,1.2,0.0010466216386281202
2023-02-28,0.6,0.0,0.4,-0.014547839155432452,-0.030278356983714283,-0.018851700826951867,-0.00805869773986656,0.013536306759838024,0.007148695423378537
2023-03-31,0.6,0.0,0.4,0.018492566576485014,0.029152198434132526,0.01984363321565641,0.01647935235415332,0.005257050073956715,0.011776206407940026
2023-04-28,0.5267215894324602,0.4732784105675397,1.1102230246251565e-16,0.0029730554987594804,0.004021615221466934,0.0020214282618991053,0.0024395957344089947,0.9465568211350794,0.009056556573251218
2023-05-31,0.5141500609399962,0.4858499390600038,0.0,-0.01494891193171155,-0.015004124982701539,-0.012315108628590643,-0.00376885813747474,0.02314734564267057,0.002001213711795735
2023-06-30,0.0,0.6,0.4,0.0018483306863901205,0.012948702361964992,0.017801726413583463,-0.004945987025957499,1.0310256972345604,0.0027279705973553003
2023-07-31,0.5498766907162971,0.4501233092837029,0.0,0.0052697920182951385,0.0058421392580365605,0.011156074176575048,0.003041940746063565,1.0997533814325942,0.004788245946833358
2023-08-31,0.6,0.0,0.4,0.0018460797006945029,-0.0052321513366880845,0.0018368624239875064,0.004103603576361081,0.895023634198665,0.005278256942467141
2023-09-29,0.6,0.3953318082828158,0.004668191717184245,-0.024520777928403348,-0.025860858596715497,-0.016135253066364763,-0.0007899773055877191,0.7917486753959762,0.00710087868017939
2023-10-31,0.6,0.0,0.4,-0.005713070173641643,-0.017284909899868528,-0.010431447334826371,0.003330870369530281,0.7904440592246622,0.00997662326979809
2023-11-30,0.0,0.0,1.0,0.009313728238690366,0.06230289040185144,0.04887648925706478,0.01051964335704425,1.193361382216948,0.006963961458753165
2023-12-29,0.6,0.0,0.4,0.022340810853307858,0.040326012970284486,0.03192556296683291,0.011034389964317715,1.2,0.012645833501546022
2024-01-31,0.6,0.37074346662833274,0.029256533371667226,-0.0015920957544158787,-0.0016406581025109057,0.001162836141926027,0.0031689287551732725,0.7414869332566655,0.00808736824554157
2024-02-29,0.6,0.3684448384404022,0.03155516155959781,-0.005423902663324598,-0.008145215507945558,0.003035129521795188,-0.0038752977458217375,0.004361823563078297,0.0027999913003210475
2024-03-28,0.6,0.3645700393293043,0.035429960670695704,0.01226837537172587,0.013142676744185122,0.01089834615835894,0.003435707342857919,0.01020091733010385,0.011269327642381033
2024-04-30,0.6,0.3710619340948898,0.028938065905110166,-0.02028103460108399,-0.02297357983239734,-0.01351233714766309,-0.004416485055703467,0.01236477633599603,0.0022264610723449763
2024-05-31,0.6,0.37074838637282087,0.029251613627179207,0.018212633251046606,0.0192283809083853,0.016339281929942162,0.007195112978072293,0.008585001411597681,0.009681464199025325
2024-06-28,0.6,0.36170945311073766,0.03829054688926237,0.00522051539502999,0.005375639551909561,0.004793480620238988,0.00544274112391796,0.020929489236216174,0.002844248340329092
2024-07-31,0.6,0.0,0.4,0.018094283919172227,0.0249508156969378,0.023522276921206675,0.011796223338998324,0.7239384646033348,0.0005818887894686875
2024-08-30,0.6,0.0,0.4,0.012846837624249652,0.017088337942700704,0.015474209908670655,0.008919767879072449,0.005524469704338231,0.0013943443236328346
2024-09-30,0.6,0.36346000773170695,0.036539992268293076,0.016859571292196174,0.01829824214542053,0.016970563067272515,0.0077321715798934765,0.7269200154634138,0.0015884008246502268
2024-10-31,0.6,0.3620166651022625,0.03798333489773753,-0.017532677545062714,-0.020716196878146964,-0.009635873911409965,-0.00623820942706188,0.004336719966014285,0.001305407767598965
2024-11-29,0.6,0.35413419295759746,0.04586580704240251,0.01633020735013746,0.017165770628639,0.01644566581152196,0.0029606501751096026,0.014891962848203655,0.011313400775541549
2024-12-31,0.6,0.34814720045212866,0.051852799547871364,-0.013880422232108613,-0.01728100890660733,-0.00780262259433262,0.002504530778189018,0.013182038415835838,0.0007192576622478408
2025-01-31,0.6,0.0,0.4,0.008973953079437491,0.009694087719404054,0.013604500296301003,0.0037813643112398765,0.6945726615418579,0.009644336532220299
2025-02-28,0.6,0.0,0.4,0.008757582010168408,0.016703861271330833,0.009702385708511674,0.00735215356728558,0.004669922623106226,0.0038631869607119174
2025-03-31,0.6,0.0,0.4,-0.004753065784141586,-0.0077481308579741,-0.010858104714127736,0.00440727510653427,0.0011183124466311312,0.006890281918620622
2025-04-30,0.0,0.0,1.0,0.006923583989175919,-0.0007702080329838878,0.0011721524504850755,0.008125912890745601,1.192637632061245,0.0031411271871572555
2025-05-30,0.0,0.0,1.0,-0.0025463025137320017,0.00979610870846237,0.01753202688247657,-0.0025463025137320017,0.0,0.0019407104251610852
2025-06-30,0.0,0.0,1.0,0.005850934402594099,0.01959691768650651,0.018385037247107494,0.005850934402594099,0.0,0.007658915866583682
2025-07-31,0.6,0.38608905107393543,0.013910948926064592,-0.0015175203236130752,0.00022913781358346874,0.0013580118248690543,-0.0009198872708013894,1.9721781021478708,0.0011962375950356763
2025-08-29,0.6,0.3835387944525427,0.016461205547457336,0.010775362150654777,0.010743330756736613,0.011053327881961117,0.008875247378403284,0.005138763265955479,0.001127417815132814
2025-09-30,0.6,0.3848305260931653,0.015169473906834652,0.012580820500601497,0.013815781534118665,0.008859758756112113,0.0028771283256188163,0.0028452397049485052,0.00030557435927819343
2025-10-31,0.6,0.3759794096350824,0.02402059036491755,0.0005527882230023096,0.0006866823737192718,-0.0001115480130585711,0.0033371720755643874,0.022406257439242346,0.0048887886240840395
2025-11-28,0.5910742749070131,0.4089257250929869,0.0,0.008153711730256585,0.008386949550014844,0.007463735090180279,0.004388578337514604,0.06520160998370013,0.0008025675210968086
2025-12-31,0.5951962918271636,0.40480370817283634,0.0,-6.274796150551598e-05,-0.0012254730718653795,0.004925574149164946,0.0029472169795523584,0.00913011713539219,0.0009163377391181449
