momentum_months,cost_bps,months,total_return,annualised_return,annualised_volatility,sharpe_vs_SHY,maximum_drawdown_month_end
3,0,212,0.8942141232307557,0.03682039688972738,0.04733606960388673,0.5055884987307965,-0.12898628810959667
3,10,212,0.7006136003773802,0.030512229007250813,0.04748415640545117,0.3653571333681957,-0.14393631926961614
3,25,212,0.44625887792743324,0.02110530015020351,0.047923973113735245,0.15523534499981687,-0.17472511342749497
6,0,212,1.2199567173678094,0.04617516475939931,0.042070633136173916,0.7968368478576682,-0.07115002346770971
6,10,212,1.0805423468120594,0.042341415388274406,0.042105223093049676,0.7002610795724261,-0.07312570820333109
6,25,212,0.8874229476281827,0.03660963098940262,0.042279210167032275,0.554388002736903,-0.0839626556228531
12,0,212,0.9930607985879041,0.039810008245101614,0.04597445078597251,0.574426715211575,-0.09242084916731441
12,10,212,0.9012316220124026,0.03703743920752456,0.04586818617955569,0.513599828421741,-0.10122711242889504
12,25,212,0.7712007475487066,0.03288719550018193,0.04579582908844649,0.42107711345045,-0.11430226441110858
